date,clone_count
2024-05-01,2
2024-05-02,2
2024-05-03,2
2024-05-04,2
2024-05-05,2
2024-05-06,2
2024-05-07,2
2024-05-08,2
2024-05-09,2
2024-05-10,2
2024-05-11,2
2024-05-12,2
2024-05-13,3
2024-05-14,3
2024-05-15,3
2024-05-16,3
2024-05-17,3
2024-05-18,3
2024-05-19,3
2024-05-20,3
2024-05-21,3
2024-05-22,5
2024-05-23,8
2024-05-24,11
2024-05-25,11
2024-05-26,11
2024-05-27,11
2024-05-28,11
2024-05-29,11
2024-05-30,12
2024-05-31,14
2024-06-01,14
2024-06-02,14
2024-06-03,17
2024-06-04,21
2024-06-05,26
2024-06-06,26
2024-06-07,28
2024-06-08,28
2024-06-09,28
2024-06-10,90
2024-06-11,103
2024-06-12,103
2024-06-13,103
2024-06-14,104
2024-06-15,104
2024-06-16,104
2024-06-17,104
2024-06-18,107
2024-06-19,107
2024-06-20,107
2024-06-21,108
2024-06-22,108
2024-06-23,108
2024-06-24,108
2024-06-25,108
2024-06-26,108
2024-06-27,108
2024-06-28,109
2024-06-29,109
2024-06-30,109
2024-07-01,111
2024-07-02,111
2024-07-03,111
2024-07-04,111
2024-07-05,111
2024-07-06,111
2024-07-07,111
2024-07-08,111
2024-07-09,111
2024-07-10,111
2024-07-11,111
2024-07-12,111
2024-07-13,112
2024-07-14,112
2024-07-15,112
2024-07-16,112
2024-07-17,112
2024-07-18,112
2024-07-19,112
2024-07-20,112
2024-07-21,112
2024-07-22,112
2024-07-23,112
2024-07-24,112
2024-07-25,112
2024-07-26,113
2024-07-27,113
2024-07-28,113
2024-07-29,113
2024-07-30,113
2024-07-31,113
2024-08-01,113
2024-08-02,113
2024-08-03,113
2024-08-04,113
2024-08-05,113
2024-08-06,113
2024-08-07,113
2024-08-08,113
2024-08-09,113
2024-08-10,113
2024-08-11,113
2024-08-12,113
2024-08-13,113
2024-08-14,114
2024-08-15,114
2024-08-16,114
2024-08-17,114
2024-08-18,114
2024-08-19,114
2024-08-20,114
2024-08-21,114
2024-08-22,114
2024-08-23,115
2024-08-24,115
2024-08-25,115
2024-08-26,115
2024-08-27,115
2024-08-28,115
2024-08-29,115
2024-08-30,115
2024-08-31,115
2024-09-01,115
2024-09-02,115
2024-09-03,115
2024-09-04,115
2024-09-05,115
2024-09-06,115
2024-09-07,115
2024-09-08,115
2024-09-09,115
2024-09-10,115
2024-09-11,115
2024-09-12,115
2024-09-13,115
2024-09-14,115
2024-09-15,115
2024-09-16,115
2024-09-17,115
2024-09-18,115
2024-09-19,115
2024-09-20,115
2024-09-21,115
2024-09-22,115
2024-09-23,116
2024-09-24,116
2024-09-25,116
